--menu

--系统管理-》应用配置
INSERT INTO `hi_appsetting` (`id`,`version`,`appGroup`,`appName`,`appValue`,`description`,`creator`) VALUES 
 (2,1,'CONSTANTS','ORG_MEMBER','3','',1),
 (3,2,'CONSTANTS','ROLE_MEMBER','3','',1),
 (4,2,'CONSTANTS','ORG_MERCHANT','2','',1),
 (5,2,'CONSTANTS','ROLE_MERCHANT','2','',1);
 
--部门
INSERT INTO `hi_org` (`id`,`version`,`orgName`,`orgNum`,`manager`,`parentOrg`,`address`,`description`,`creator`,`deleted`) VALUES 
 (1,1,'BM','',NULL,NULL,'','',1,0),
 (2,1,'Merchant','',NULL,NULL,'','',1,0),
 (3,1,'Member','',NULL,NULL,'','',1,0);
 
--权限
INSERT INTO `hi_authority` (`id`,`version`,`authorityName`,`displayRef`,`propertedResource`,`description`,`authorityType`,`menuLink`) VALUES 
 (600605,1,'FUND_REPORT_DOWNLOAD','资金划付报表查询下载','资金划付报表查询下载','资金划付报表查询下载',NULL,500900),
 (600606,1,'SETTLE','结算','结算','结算',NULL,500700);
 
--角色
INSERT INTO `hi_role` (`id`,`version`,`roleName`,`displayRef`,`description`,`creator`) VALUES 
 (1,1,'role_bm_admin','运营管理员角色','运营管理员角色',1),
 (2,2,'role_merchant','通用商户管理员角色','通用商户管理员角色',1),
 (3,2,'role_member','通用会员角色','通用会员角色',1);
 
--角色权限
INSERT INTO `hi_roleauthority` (`id`,`version`,`role`,`authority`,`org`,`scope`) VALUES 
 (106,1,3,100103,NULL,NULL),
 (107,1,3,200104,NULL,2900),
 (108,1,3,101202,NULL,NULL),
 (109,1,3,100104,NULL,2900),
 (110,1,3,200200,NULL,2900),
 (111,1,3,101203,NULL,NULL),
 (112,1,3,100300,NULL,2900),
 (113,1,3,200201,NULL,NULL),
 (114,1,3,101204,NULL,2900),
 (115,1,3,100301,NULL,NULL),
 (116,1,3,200202,NULL,NULL),
 (117,1,3,101300,NULL,2900),
 (118,1,3,100302,NULL,NULL),
 (119,1,3,200203,NULL,NULL),
 (120,1,3,101301,NULL,NULL),
 (121,1,3,100303,NULL,NULL),
 (122,1,3,200204,NULL,2900),
 (123,1,3,101302,NULL,NULL),
 (124,1,3,200300,NULL,2900),
 (125,1,3,101303,NULL,NULL),
 (126,1,3,200301,NULL,NULL),
 (127,1,3,101304,NULL,2900),
 (128,1,3,200302,NULL,NULL),
 (129,1,3,101600,NULL,2900),
 (130,1,3,200303,NULL,NULL),
 (131,1,3,101601,NULL,NULL),
 (132,1,3,200304,NULL,2900),
 (133,1,3,101602,NULL,NULL),
 (134,1,3,200400,NULL,2900),
 (135,1,3,101603,NULL,NULL),
 (136,1,3,101604,NULL,2900),
 (137,1,3,200401,NULL,NULL),
 (138,1,3,101700,NULL,2900),
 (139,1,3,200402,NULL,NULL),
 (140,1,3,101701,NULL,NULL),
 (141,1,3,200403,NULL,NULL),
 (142,1,3,101702,NULL,NULL),
 (143,1,3,200404,NULL,2900),
 (144,1,3,101703,NULL,NULL),
 (145,1,3,200500,NULL,2900),
 (146,1,3,101704,NULL,2900),
 (147,1,3,200501,NULL,NULL),
 (148,1,3,101900,NULL,2900),
 (149,1,3,200502,NULL,NULL),
 (150,1,3,200503,NULL,NULL),
 (151,1,3,101901,NULL,NULL),
 (152,1,3,100304,NULL,2900),
 (153,1,3,200504,NULL,2900),
 (154,1,3,101902,NULL,NULL),
 (155,1,3,100400,NULL,2900),
 (156,1,3,200600,NULL,2900),
 (157,1,3,101903,NULL,NULL),
 (158,1,3,100401,NULL,NULL),
 (159,1,3,200601,NULL,NULL),
 (160,1,3,101904,NULL,2900),
 (161,1,3,100402,NULL,NULL),
 (162,1,3,200602,NULL,NULL),
 (163,1,3,102000,NULL,2900),
 (164,1,3,100403,NULL,NULL),
 (165,1,3,100404,NULL,2900),
 (166,1,3,200603,NULL,NULL),
 (167,1,3,102001,NULL,NULL),
 (168,1,3,101100,NULL,2900),
 (169,1,3,200604,NULL,2900),
 (170,1,3,102002,NULL,NULL),
 (171,1,3,101101,NULL,NULL),
 (172,1,3,200700,NULL,2900),
 (173,1,3,102003,NULL,NULL),
 (174,1,3,101102,NULL,NULL),
 (175,1,3,200701,NULL,NULL),
 (176,1,3,102004,NULL,2900),
 (177,1,3,101103,NULL,NULL),
 (178,1,3,200702,NULL,NULL),
 (179,1,3,200100,NULL,2900),
 (180,1,3,101104,NULL,2900),
 (181,1,3,200703,NULL,NULL),
 (182,1,3,100100,NULL,2900),
 (183,1,3,200101,NULL,NULL),
 (184,1,3,101200,NULL,2900),
 (185,1,3,200704,NULL,2900),
 (186,1,3,100101,NULL,NULL),
 (187,1,3,200102,NULL,NULL),
 (188,1,3,200103,NULL,NULL),
 (189,1,3,101201,NULL,NULL),
 (190,1,3,100102,NULL,NULL),
 (191,1,1,200104,NULL,2904),
 (192,1,1,101202,NULL,NULL),
 (193,1,1,300201,NULL,NULL),
 (194,1,1,600400,NULL,2904),
 (195,1,1,1103,NULL,NULL),
 (196,1,1,100104,NULL,2904),
 (197,1,1,200200,NULL,2904),
 (198,1,1,400804,NULL,2904),
 (199,1,1,101203,NULL,NULL),
 (200,1,1,300202,NULL,NULL),
 (201,1,1,600401,NULL,NULL),
 (202,1,1,1104,NULL,2900),
 (203,1,1,100300,NULL,2904),
 (204,1,1,200201,NULL,NULL),
 (205,1,1,401000,NULL,2904),
 (206,1,1,101204,NULL,2904),
 (207,1,1,300203,NULL,NULL),
 (208,1,1,2100,NULL,2900),
 (209,1,1,100301,NULL,NULL),
 (210,1,1,401001,NULL,NULL),
 (211,1,1,101300,NULL,2904),
 (212,1,1,300204,NULL,2904),
 (213,1,1,2101,NULL,NULL),
 (214,1,1,101301,NULL,NULL),
 (215,1,1,600404,NULL,2904),
 (216,1,1,2102,NULL,NULL),
 (217,1,1,2103,NULL,NULL),
 (218,1,1,200204,NULL,2904),
 (219,1,1,600500,NULL,2904),
 (220,1,1,600501,NULL,NULL),
 (221,1,1,2104,NULL,2900),
 (222,1,1,200300,NULL,2904),
 (223,1,1,401004,NULL,2904),
 (224,1,1,200301,NULL,NULL),
 (225,1,1,500100,NULL,2904),
 (226,1,1,101304,NULL,2904),
 (227,1,1,500101,NULL,NULL),
 (228,1,1,101600,NULL,2904),
 (229,1,1,600504,NULL,2904),
 (230,1,1,101601,NULL,NULL),
 (231,1,1,600600,NULL,2904),
 (232,1,1,200304,NULL,2904),
 (233,1,1,101602,NULL,NULL),
 (234,1,1,600601,NULL,NULL),
 (235,1,1,200400,NULL,2904),
 (236,1,1,500104,NULL,2904),
 (237,1,1,101603,NULL,NULL),
 (238,1,1,101604,NULL,2904),
 (239,1,1,200401,NULL,NULL),
 (240,1,1,500700,NULL,2904),
 (241,1,1,101700,NULL,2904),
 (242,1,1,500701,NULL,NULL),
 (243,1,1,101701,NULL,NULL),
 (244,1,1,400100,NULL,2904),
 (245,1,1,600604,NULL,2904),
 (246,1,1,101702,NULL,NULL),
 (247,1,1,400101,NULL,NULL),
 (248,1,1,200404,NULL,2904),
 (249,1,1,101703,NULL,NULL),
 (250,1,1,600605,NULL,NULL),
 (251,1,1,200500,NULL,2904),
 (252,1,1,500704,NULL,2904),
 (253,1,1,101704,NULL,2904),
 (254,1,1,600606,NULL,NULL),
 (255,1,1,2999,NULL,NULL),
 (256,1,1,200501,NULL,NULL),
 (257,1,1,500900,NULL,2904),
 (258,1,1,101900,NULL,2904),
 (259,1,1,400104,NULL,2904),
 (260,1,1,200502,NULL,NULL),
 (261,1,1,500901,NULL,NULL),
 (262,1,1,200503,NULL,NULL),
 (263,1,1,101901,NULL,NULL),
 (264,1,1,400300,NULL,2904),
 (265,1,1,100304,NULL,2904),
 (266,1,1,200504,NULL,2904),
 (267,1,1,400301,NULL,NULL),
 (268,1,1,100400,NULL,2904),
 (269,1,1,200600,NULL,2904),
 (270,1,1,500904,NULL,2904),
 (271,1,1,400302,NULL,NULL),
 (272,1,1,100401,NULL,NULL),
 (273,1,1,200601,NULL,NULL),
 (274,1,1,600200,NULL,2904),
 (275,1,1,101904,NULL,2904),
 (276,1,1,400303,NULL,NULL),
 (277,1,1,100402,NULL,NULL),
 (278,1,1,600201,NULL,NULL),
 (279,1,1,102000,NULL,2904),
 (280,1,1,400304,NULL,2904),
 (281,1,1,100404,NULL,2904),
 (282,1,1,1000,NULL,2900),
 (283,1,1,102001,NULL,NULL),
 (284,1,1,400600,NULL,2904),
 (285,1,1,101100,NULL,2904),
 (286,1,1,200604,NULL,2904),
 (287,1,1,1001,NULL,NULL),
 (288,1,1,400601,NULL,NULL),
 (289,1,1,101101,NULL,NULL),
 (290,1,1,200700,NULL,2904),
 (291,1,1,600204,NULL,2904),
 (292,1,1,1002,NULL,NULL),
 (293,1,1,200701,NULL,NULL),
 (294,1,1,600300,NULL,2904),
 (295,1,1,1003,NULL,NULL),
 (296,1,1,102004,NULL,2904),
 (297,1,1,600301,NULL,NULL),
 (298,1,1,1004,NULL,2900),
 (299,1,1,200100,NULL,2904),
 (300,1,1,400604,NULL,2904),
 (301,1,1,101104,NULL,2904),
 (302,1,1,1100,NULL,2900),
 (303,1,1,100100,NULL,2904),
 (304,1,1,200101,NULL,NULL),
 (305,1,1,400800,NULL,2904),
 (306,1,1,101200,NULL,2904),
 (307,1,1,200704,NULL,2904),
 (308,1,1,1101,NULL,NULL),
 (309,1,1,100101,NULL,NULL),
 (310,1,1,400801,NULL,NULL),
 (311,1,1,101201,NULL,NULL),
 (312,1,1,300200,NULL,2904),
 (313,1,1,600304,NULL,2904),
 (314,1,1,1102,NULL,NULL),
 (315,1,2,200104,NULL,2904),
 (316,1,2,1103,NULL,NULL),
 (317,1,2,1104,NULL,2900),
 (318,1,2,2100,NULL,2900),
 (319,1,2,2101,NULL,NULL),
 (320,1,2,2102,NULL,NULL),
 (321,1,2,2103,NULL,NULL),
 (322,1,2,2104,NULL,2900),
 (323,1,2,500700,NULL,2904),
 (324,1,2,500701,NULL,NULL),
 (325,1,2,500702,NULL,NULL),
 (326,1,2,2999,NULL,NULL),
 (327,1,2,1000,NULL,2900),
 (328,1,2,1001,NULL,NULL),
 (329,1,2,1002,NULL,NULL),
 (330,1,2,1003,NULL,NULL),
 (331,1,2,1004,NULL,2900),
 (332,1,2,200100,NULL,2904),
 (333,1,2,1100,NULL,2900),
 (334,1,2,200101,NULL,NULL),
 (335,1,2,1101,NULL,NULL),
 (336,1,2,1102,NULL,NULL);
 
--资金划付报表（通过页面功能，编辑修改，重新上传附件即可）
INSERT INTO `hi_excelreportdesign` (`id`,`version`,`reportName`,`reportNum`,`template`,`createDate`,`enabled`,`actionName`,`description`,`creator`) VALUES 
 (1,4,'资金划付报表查询下载','0001','upload/report/20120311/1331406417586.xls','2012-03-01 00:00:00',3200,'cn.net.iccard.bm.report.action.FundReportAction','资金划付报表查询下载',1);